id,completeness,taxon
CA_Los Angeles_D32_D_620,91.8875498349095,amphibia
CA_Oakland_A_A_675,80.7038803809959,amphibia
CA_Oakland_B23_B_702,85.5803394655772,amphibia
CA_Oakland_B7_B_730,95.0844045317586,amphibia
CA_Oakland_C29_C_764,82.1515105044691,amphibia
CA_Oakland_C3_C_765,86.0332072840441,amphibia
CA_Oakland_C32_C_768,86.3745051075276,amphibia
CA_Oakland_C4_C_778,93.1757663668343,amphibia
CA_Oakland_C5_C_781,88.8311176637327,amphibia
CA_Oakland_D4_D_810,86.6936549524862,amphibia
CA_San Francisco_B23_B_988,90.9990432175244,amphibia
CA_San Francisco_B7_B_1005,90.7469850177361,amphibia
FL_Miami_B22_B_1493,86.1209237917019,amphibia
FL_Miami_C15_C_1517,89.1739115879257,amphibia
MA_Belmont_A1_A_3676,82.1279084464598,amphibia
MA_Boston_C14_C_3706,83.3093302916513,amphibia
OH_Cleveland_C62_C_7240,82.5555385959664,amphibia
OH_Cleveland_C62_C_7240,82.5555385959664,amphibia
PA_Philadelphia_A7_A_8252,86.0332072840441,amphibia
PA_Philadelphia_B5_B_8277,91.8924975213452,amphibia
PA_Philadelphia_E6_B_8339,81.8492482395733,amphibia
TX_Austin_A_A_8748,81.8557630453386,amphibia
TX_Austin_B_B_8755,85.7651962050266,amphibia
TX_Austin_D_D_8758,89.5922277646919,amphibia
TX_Fort Worth_B_B_8869,84.5363619417765,amphibia
TX_San Antonio_NA_B_8970,90.9206876294209,amphibia
AL_Birmingham_A1_A_1,82.6239905282197,aves
AL_Birmingham_B1_B_4,87.9687561952346,aves
AL_Birmingham_B14_B_9,87.5145685071973,aves
AL_Birmingham_B2_B_12,82.4132190968256,aves
AL_Birmingham_C12_C_25,85.5811021730897,aves
AL_Birmingham_C20_C_35,82.4725029270181,aves
AL_Birmingham_C3_C_36,80.1680461635972,aves
AL_Birmingham_D14_D_48,84.3569137124566,aves
AL_Montgomery_D4_D_136,89.2048552172712,aves
AL_Montgomery_D7_D_140,85.3028423676291,aves
AR_Little Rock_A1_A_141,81.1620837604287,aves
AR_Little Rock_A2_A_142,91.4280057766913,aves
AR_Little Rock_B3_B_151,89.9357415441676,aves
AZ_Phoenix_A2_A_178,87.6980070780325,aves
AZ_Phoenix_A3_A_179,81.9108907345571,aves
AZ_Phoenix_C4_C_193,81.7078086711731,aves
CA_Fresno_B2_B_205,80.3960375326622,aves
CA_Fresno_B4_B_210,83.1570251705588,aves
CA_Fresno_C4_C_215,81.735578941165,aves
CA_Los Angeles_A10_A_234,86.1622413886936,aves
CA_Los Angeles_A12_A_236,85.0967115385393,aves
CA_Los Angeles_A13_A_237,91.8263371751235,aves
CA_Los Angeles_A15_A_240,80.0756715059051,aves
CA_Los Angeles_A16_A_241,84.0766961795476,aves
CA_Los Angeles_A18_A_244,82.8173768628013,aves
CA_Los Angeles_A21_A_248,93.384913247645,aves
CA_Los Angeles_A30_A_258,88.9628618201636,aves
CA_Los Angeles_A31_A_259,83.5266533419154,aves
CA_Los Angeles_A37_A_265,82.8043970140192,aves
CA_Los Angeles_A4_A_269,91.915733251694,aves
CA_Los Angeles_A40_A_270,81.8493690117571,aves
CA_Los Angeles_A41_A_271,86.4448848117434,aves
CA_Los Angeles_A59_A_287,89.7705219354104,aves
CA_Los Angeles_A8_A_291,85.9724720214612,aves
CA_Los Angeles_A9_A_292,87.7515397773084,aves
CA_Los Angeles_B118_B_314,86.7302818427056,aves
CA_Los Angeles_B16_B_324,80.7255461554199,aves
CA_Los Angeles_B23_B_332,80.0486060459338,aves
CA_Los Angeles_B25_B_334,80.1125968347456,aves
CA_Los Angeles_B33_B_343,92.2971920036811,aves
CA_Los Angeles_B34_B_344,88.739448997833,aves
CA_Los Angeles_B39_B_349,89.7817659108795,aves
CA_Los Angeles_B40_B_351,90.176068712369,aves
CA_Los Angeles_B46_B_357,82.5666484587283,aves
CA_Los Angeles_B58_B_369,80.9369224505666,aves
CA_Los Angeles_B76_B_389,87.4464807351262,aves
CA_Los Angeles_C100_C_417,85.4171917550768,aves
CA_Los Angeles_C132_C_454,89.6801004826752,aves
CA_Los Angeles_C14_C_462,93.7174661219503,aves
CA_Los Angeles_C141_C_464,82.3243082592787,aves
CA_Los Angeles_C159_C_487,81.8756347761957,aves
CA_Los Angeles_C160_C_489,88.3486058560723,aves
CA_Los Angeles_C20_C_502,84.6862473556162,aves
CA_Los Angeles_C25_C_507,92.9933651944591,aves
CA_Los Angeles_C27_C_509,92.5449040670049,aves
CA_Los Angeles_C28_C_510,83.9939974449929,aves
CA_Los Angeles_C40_C_524,84.3469622815743,aves
CA_Los Angeles_C41_C_525,85.160978145541307,aves
CA_Los Angeles_C54_C_543,82.2867926735894,aves
CA_Los Angeles_C55_C_544,85.3495936690442,aves
CA_Los Angeles_C56_C_545,80.2339914764972,aves
CA_Los Angeles_C60_C_551,82.6079989242003,aves
CA_Los Angeles_C61_C_552,83.0320332186543,aves
CA_Los Angeles_C65_C_556,81.2153283927662,aves
CA_Los Angeles_C8_C_573,80.2682028718501,aves
CA_Los Angeles_C89_C_583,83.5185253279346,aves
CA_Los Angeles_C9_C_584,87.1285944880557,aves
CA_Los Angeles_C91_C_586,85.3439992506917,aves
CA_Los Angeles_D24_D_611,82.9734839009968,aves
CA_Los Angeles_D26_D_613,89.3763888199899,aves
CA_Los Angeles_D32_D_620,86.5835664564043,aves
CA_Los Angeles_D34_D_622,91.2369638978101,aves
CA_Los Angeles_D35_D_623,80.0400737395132,aves
CA_Los Angeles_D38_D_626,82.9946671495901,aves
CA_Los Angeles_D45_D_634,80.8275228216835,aves
CA_Los Angeles_D50_D_640,85.8343396397157,aves
CA_Los Angeles_D52_D_642,84.2251049817541,aves
CA_Los Angeles_D63_D_660,81.1688202440915,aves
CA_Los Angeles_D67_D_666,87.0833539692339,aves
CA_Los Angeles_D70_D_671,86.3218978584974,aves
CA_Oakland_A_A_675,92.5367580620363,aves
CA_Oakland_A1_A_676,90.0625053244643,aves
CA_Oakland_A2_A_679,81.4235996413014,aves
CA_Oakland_A3_A_680,83.8962815986809,aves
CA_Oakland_A4_A_681,87.3009174251509,aves
CA_Oakland_A7_A_684,87.3482390313191,aves
CA_Oakland_B11_B_689,89.8792924994774,aves
CA_Oakland_B12_B_690,89.0784349810418,aves
CA_Oakland_B13_B_691,89.4292922596959,aves
CA_Oakland_B16_B_694,85.0491102696906,aves
CA_Oakland_B17_B_695,89.424774051881,aves
CA_Oakland_B22_B_701,91.2604620137808,aves
CA_Oakland_B23_B_702,85.0850034615371,aves
CA_Oakland_B25_B_704,87.8100692663288,aves
CA_Oakland_B4_B_720,83.4391900109221,aves
CA_Oakland_B5_B_728,80.6596538247115,aves
CA_Oakland_B7_B_730,94.5373055239922,aves
CA_Oakland_B8_B_731,82.4735633917557,aves
CA_Oakland_C16_C_747,91.8580869484139,aves
CA_Oakland_C18_C_749,80.549754877733207,aves
CA_Oakland_C25_C_759,82.5356067214476,aves
CA_Oakland_C29_C_764,93.4568463251355,aves
CA_Oakland_C3_C_765,85.3012018124819,aves
CA_Oakland_C4_C_778,83.6530300113333,aves
CA_Oakland_C5_C_781,87.3432316156855,aves
CA_Oakland_C6_C_783,83.3338870787318,aves
CA_Oakland_C7_C_785,84.8861566078204,aves
CA_Oakland_C9_C_789,80.8621707550646,aves
CA_Oakland_D15_D_798,84.9128631977334,aves
CA_Oakland_D2_D_805,87.2531150448222,aves
CA_Oakland_D2_D_806,81.2231031022485,aves
CA_Oakland_D3_D_808,95.239019729823,aves
CA_Sacramento_B12_B_825,82.8546809545873,aves
CA_Sacramento_B5_B_833,87.0676356678715,aves
CA_Sacramento_C14_C_843,89.7094044918234,aves
CA_Sacramento_C18_C_849,80.2790645024043,aves
CA_Sacramento_C19_C_852,82.8501371723863,aves
CA_Sacramento_C20_C_854,81.6140088797517,aves
CA_Sacramento_C7_C_870,87.4722617764194,aves
CA_Sacramento_D1_D_873,83.9590913212184,aves
CA_San Diego_A1_A_882,85.3430510181205,aves
CA_San Diego_A5_A_891,83.5643331611731,aves
CA_San Diego_A6_A_892,81.7174465944676,aves
CA_San Diego_B1_B_896,82.2378133303766,aves
CA_San Diego_B11_B_898,88.7550181050612,aves
CA_San Diego_B12_B_899,81.8016823576943,aves
CA_San Diego_B15_B_902,91.2115033919014,aves
CA_San Diego_B18_B_905,90.6313616521251,aves
CA_San Diego_B4_B_913,83.2647406269603,aves
CA_San Diego_C11_C_921,81.9661492900459,aves
CA_San Diego_C13_C_923,85.2042273522623,aves
CA_San Diego_C8_C_941,89.7188955250714,aves
CA_San Diego_D10_D_944,81.5959340153524,aves
CA_San Diego_D2_D_945,90.3110890948917,aves
CA_San Diego_D7_D_950,86.0765623857175,aves
CA_San Diego_D8_D_951,85.9010014250966,aves
CA_San Diego_NA_B_953,83.6312727350397,aves
CA_San Diego_NA_B_954,89.0644977645055,aves
CA_San Diego_NA_B_955,86.2409014066372,aves
CA_San Diego_NA_A_957,84.4960516889719,aves
CA_San Diego_NA_B_959,82.080439683787,aves
CA_San Francisco_A1_A_960,86.2663569054112,aves
CA_San Francisco_A6_A_969,88.7393616732259,aves
CA_San Francisco_B30_B_996,81.794053540125,aves
CA_San Francisco_B6_B_1004,80.2758460480165,aves
CA_San Francisco_B7_B_1005,90.1333595618633,aves
CA_San Francisco_C11_C_1011,83.8406003795946,aves
CA_San Francisco_C12_C_1012,83.76584165718,aves
CA_San Francisco_C20_C_1024,81.256321384334,aves
CA_San Francisco_C21_C_1025,89.2898733361755,aves
CA_San Francisco_C24_C_1028,91.8296342134987,aves
CA_San Francisco_C26_C_1031,86.3653440772868,aves
CA_San Francisco_D13_D_1048,89.1577513468909,aves
CA_San Francisco_D15_D_1050,83.9833979417032,aves
CA_San Francisco_D4_D_1056,82.3295390965452,aves
CA_San Francisco_D8_D_1060,81.3463165927924,aves
CA_San Francisco_NA_B_1063,86.2515656677678,aves
CA_San Jose_B3_B_1070,88.4052753510486,aves
CA_San Jose_B7_B_1074,80.2521195626823,aves
CA_San Jose_C14_C_1081,86.807828534198,aves
CA_San Jose_D1_D_1092,89.3313526822932,aves
CA_San Jose_D11_D_1095,83.5898384655515,aves
CA_San Jose_D2_D_1096,85.8035890334126,aves
CA_San Jose_NA_C_1105,83.4286840419649,aves
CO_Denver_B8_B_1166,84.4924507457889,aves
CO_Denver_C14_C_1174,81.9022921599293,aves
CO_Denver_D3_D_1200,80.3939798129844,aves
CO_Denver_D7_D_1207,81.1778420272798,aves
CO_Denver_D8_D_1208,82.5376606112684,aves
CO_Pueblo_D9_D_1242,82.4036869371341,aves
CT_Hartford_A1_A_1243,82.0440710441165,aves
CT_Hartford_A3_A_1245,82.1101771267559,aves
CT_Hartford_A7_A_1250,83.4688749644883,aves
CT_Hartford_B4_B_1256,81.031529082669,aves
CT_Hartford_C10_C_1266,88.4305273002451,aves
CT_New Haven_A6_A_1303,94.5884276943431,aves
CT_New Haven_A6_A_1303,94.5884276943431,aves
CT_New Haven_B3_B_1309,89.2867929368519,aves
CT_New Haven_B3_B_1309,89.2867929368519,aves
CT_New Haven_B4_B_1310,81.2009226700493,aves
CT_New Haven_B4_B_1310,81.2009226700493,aves
CT_New Haven_C13_C_1321,83.3319422893268,aves
CT_New Haven_C13_C_1321,83.3319422893268,aves
CT_New Haven_C16_C_1324,94.9256208423377,aves
CT_New Haven_C16_C_1324,94.9256208423377,aves
CT_New Haven_C17_C_1325,88.9126818498512,aves
CT_New Haven_C17_C_1325,88.9126818498512,aves
CT_New Haven_C20_C_1329,87.0641737861357,aves
CT_New Haven_C20_C_1329,87.0641737861357,aves
CT_New Haven_C7_C_1335,90.3515995670626,aves
CT_New Haven_C7_C_1335,90.3515995670626,aves
CT_New Haven_C8_C_1336,81.2665419370932,aves
CT_New Haven_C8_C_1336,81.2665419370932,aves
"CT_Stamford, Darien, and New Canaan_A5_A_1354",82.2481032839228,aves
"CT_Stamford, Darien, and New Canaan_A7_A_1356",82.9985344920945,aves
"CT_Stamford, Darien, and New Canaan_A8_A_1357",90.3415532480544,aves
"CT_Stamford, Darien, and New Canaan_B1_B_1358",85.5751736376654,aves
"CT_Stamford, Darien, and New Canaan_C1_C_1368",80.4123571809502,aves
"CT_Stamford, Darien, and New Canaan_C4_C_1371",91.6428997817857,aves
"CT_Stamford, Darien, and New Canaan_C6_C_1373",83.9501745313233,aves
CT_Waterbury_B1_B_1380,92.7710049796272,aves
CT_Waterbury_B1_B_1380,92.7710049796272,aves
CT_Waterbury_B5_B_1384,80.9329868138702,aves
CT_Waterbury_C7_C_1391,84.7345191652568,aves
CT_Waterbury_C7_C_1391,84.7345191652568,aves
FL_Jacksonville_A2_A_1399,81.080469225478,aves
FL_Jacksonville_B2_B_1403,86.5568301288866,aves
FL_Miami_A15_A_1452,83.5273393313769,aves
FL_Miami_B22_B_1493,84.9874077195943,aves
FL_Miami_B25_B_1496,86.306927356091,aves
FL_Miami_C12_C_1512,82.4467117531672,aves
FL_St. Petersburg_B1_B_1566,85.1132539826167,aves
FL_St. Petersburg_B7_B_1572,84.0326736864409,aves
FL_St. Petersburg_C10_C_1576,88.7011536546825,aves
FL_St. Petersburg_C2_C_1588,87.0477478876183,aves
FL_St. Petersburg_C4_C_1591,86.3454705708422,aves
FL_St. Petersburg_D13_D_1602,80.8578526441249,aves
FL_St. Petersburg_D8_D_1611,86.0074389568048,aves
FL_Tampa_B1_B_1618,84.0895137783105,aves
GA_Atlanta_A1_A_1639,89.7830083312255,aves
GA_Atlanta_B12_B_1652,84.4940796823575,aves
GA_Atlanta_B13_B_1653,90.3562093003576,aves
GA_Atlanta_B14_B_1654,93.6575148662701,aves
GA_Atlanta_B16_B_1656,84.5440446131718,aves
GA_Atlanta_B2_B_1660,80.1135595336034,aves
GA_Atlanta_B27_B_1668,80.2952349660173,aves
GA_Atlanta_B3_B_1670,85.9834752490613,aves
GA_Atlanta_C1_C_1678,82.4115430796732,aves
GA_Atlanta_C14_C_1684,89.6724008925041,aves
GA_Atlanta_C15_C_1685,81.3860471360889,aves
GA_Atlanta_C18_C_1688,86.3527063780471,aves
GA_Atlanta_C19_C_1689,89.1688027977868,aves
GA_Atlanta_C20_C_1691,87.3079853940524,aves
GA_Atlanta_C23_C_1694,89.96043036844,aves
GA_Atlanta_C25_C_1696,89.2110945606346,aves
GA_Atlanta_C33_C_1706,81.6174375469924,aves
GA_Atlanta_C41_C_1715,80.9221081814133,aves
GA_Atlanta_C8_C_1721,81.6499197572777,aves
GA_Atlanta_D1_D_1723,83.0019157380007,aves
GA_Atlanta_D11_D_1725,85.1891790695281,aves
GA_Atlanta_D12_D_1726,87.3952865776846,aves
GA_Atlanta_D16_D_1731,81.0137863034751,aves
GA_Atlanta_D19_D_1735,91.5379257711252,aves
GA_Atlanta_D21_D_1738,86.4670110551052,aves
GA_Atlanta_D7_D_1756,84.4760304478454,aves
GA_Columbus_B2_B_1799,89.3663124583243,aves
GA_Macon_B1_B_1822,91.6868771208287,aves
GA_Macon_B6_B_1827,84.0707298795424,aves
GA_Savannah_B5_B_1868,86.979887548803,aves
GA_Savannah_D16_D_1877,88.7930245704999,aves
IA_Council Bluffs_B_B_1888,82.2013348910109,aves
IA_Davenport_B3A_B_1914,80.5284735499664,aves
IA_Des Moines_A1_A_1937,83.6341940330816,aves
IA_Des Moines_C1_C_1950,80.0577233659313,aves
IA_Des Moines_C3_C_1953,85.556774923603,aves
IA_Dubuque_B1_B_1965,84.2586312993281,aves
IA_Dubuque_B2_B_1967,84.0018980513868,aves
IA_Sioux City_D1_D_1997,89.5702013763276,aves
IA_Sioux City_D5_D_2001,87.8841526818267,aves
IL_Chicago_A25_A_2073,86.5281741868708,aves
IL_Chicago_A25_A_2073,86.5281741868708,aves
IL_Chicago_A35_A_2084,85.8333225542522,aves
IL_Chicago_A35_A_2084,85.8333225542522,aves
IL_Chicago_A4_A_2087,88.0255052687899,aves
IL_Chicago_A4_A_2087,88.0255052687899,aves
IL_Chicago_B39_B_2158,91.4381060343505,aves
IL_Chicago_B39_B_2158,91.4381060343505,aves
IL_Chicago_B44_B_2164,91.4828820915729,aves
IL_Chicago_B44_B_2164,91.4828820915729,aves
IL_Chicago_B84_B_2208,81.5923419699394,aves
IL_Chicago_B84_B_2208,81.5923419699394,aves
IL_Chicago_B94_B_2220,88.8406972844962,aves
IL_Chicago_B94_B_2220,88.8406972844962,aves
IL_Chicago_C123_C_2253,82.4719942124513,aves
IL_Chicago_C123_C_2253,82.4719942124513,aves
IL_Chicago_C133_C_2268,88.4014225254217,aves
IL_Chicago_C133_C_2268,88.4014225254217,aves
IL_Chicago_C139_C_2274,83.1935331293522,aves
IL_Chicago_C139_C_2274,83.1935331293522,aves
IL_Chicago_C142_C_2278,96.6515363448498,aves
IL_Chicago_C142_C_2278,96.6515363448498,aves
IL_Chicago_C149_C_2285,81.2685735307075,aves
IL_Chicago_C149_C_2285,81.2685735307075,aves
IL_Chicago_C192_C_2333,83.1917049820574,aves
IL_Chicago_C192_C_2333,83.1917049820574,aves
IL_Chicago_C215_C_2359,90.5438858860768,aves
IL_Chicago_C215_C_2359,90.5438858860768,aves
IL_Chicago_C24_C_2386,92.8314928041018,aves
IL_Chicago_C24_C_2386,92.8314928041018,aves
IL_Chicago_C27_C_2422,86.4575538316299,aves
IL_Chicago_C27_C_2422,86.4575538316299,aves
IL_Chicago_C274_C_2427,81.2265638105231,aves
IL_Chicago_C274_C_2427,81.2265638105231,aves
IL_Chicago_C57_C_2465,83.3548579270918,aves
IL_Chicago_C57_C_2465,83.3548579270918,aves
IL_Chicago_C59_C_2467,84.5396403846911,aves
IL_Chicago_C59_C_2467,84.5396403846911,aves
IL_Chicago_C60_C_2469,94.3611302210321,aves
IL_Chicago_C60_C_2469,94.3611302210321,aves
IL_Chicago_C61_C_2470,89.6525811630911,aves
IL_Chicago_C61_C_2470,89.6525811630911,aves
IL_Chicago_C85_C_2496,84.6947820981265,aves
IL_Chicago_C85_C_2496,84.6947820981265,aves
IL_Chicago_C86_C_2497,81.1119706728112,aves
IL_Chicago_C86_C_2497,81.1119706728112,aves
IL_Chicago_C92_C_2504,88.3569355805075,aves
IL_Chicago_C92_C_2504,88.3569355805075,aves
IL_Chicago_D13_D_2551,84.2269625090033,aves
IL_Chicago_D13_D_2551,84.2269625090033,aves
IL_Chicago_D41_D_2587,83.9456379294157,aves
IL_Chicago_D41_D_2587,83.9456379294157,aves
IL_Chicago_D53_D_2602,85.1160771900404,aves
IL_Chicago_D53_D_2602,85.1160771900404,aves
IL_East St. Louis_C1_C_2704,80.1311427639493,aves
IL_East St. Louis_C11_C_2706,87.7897815589485,aves
IL_Joliet_D9_D_2773,84.5011272622195,aves
IL_Joliet_D9_D_2773,84.5011272622195,aves
IL_Rockford_B3_B_2810,81.6973257849148,aves
IL_Rockford_B4_B_2811,85.2363519558975,aves
IN_Evansville_D6_D_2905,83.1399375446229,aves
IN_Fort Wayne_B12_B_2915,80.5243532795402,aves
IN_Indianapolis_A1_A_2966,86.6631755803688,aves
IN_Indianapolis_A2_A_2967,94.5913429884453,aves
IN_Indianapolis_B12_B_2975,84.9774268520129,aves
IN_Indianapolis_B9_B_2989,81.603538359708807,aves
IN_Indianapolis_C1_C_2991,99.0229713930587,aves
IN_Indianapolis_C3_C_3010,82.8250326718296,aves
IN_Indianapolis_C5_C_3015,91.5735983173605,aves
IN_Indianapolis_D21_D_3040,88.1254044237962,aves
IN_Indianapolis_D26_D_3047,84.0638969806819,aves
IN_Indianapolis_D4_D_3050,83.1865734805362,aves
IN_Lake Co. Gary_C10_C_3087,80.4423060271721,aves
IN_Lake Co. Gary_C10_C_3087,80.4423060271721,aves
IN_South Bend_C10_C_3205,84.720109504453,aves
IN_South Bend_C4_C_3208,82.6698930136023,aves
IN_South Bend_D7_D_3222,84.9918080118297,aves
IN_South Bend_NA_C_3225,80.4426514913028,aves
KS_Topeka_C7_C_3287,80.4760575803303,aves
KY_Covington_A7_A_3351,83.5303626754792,aves
KY_Covington_B19_B_3362,86.6323444605252,aves
KY_Covington_D5_D_3393,83.9282826778171,aves
KY_Lexington_A3_A_3396,90.0425107901458,aves
KY_Louisville_A6_A_3428,86.5761028920115,aves
KY_Louisville_B13_B_3435,81.8788090867768,aves
KY_Louisville_B9_B_3446,85.752554216568,aves
KY_Louisville_D1_D_3464,80.2636918533936,aves
LA_New Orleans_C14_C_3519,85.2460115706481,aves
LA_New Orleans_C6_C_3569,81.6605286323419,aves
LA_Shreveport_A1_A_3633,88.5015867763044,aves
MA_Arlington_A3_A_3661,80.6257708687059,aves
MA_Arlington_B4_B_3666,84.057650675832,aves
MA_Arlington_C2_C_3673,88.489271403463,aves
MA_Belmont_A1_A_3676,81.5619316977193,aves
MA_Belmont_C1_C_3687,88.5230340285768,aves
MA_Boston_A1_A_3692,81.2559452788928,aves
MA_Boston_C1_C_3701,92.9121416403879,aves
MA_Boston_C12_C_3704,93.1758502028673,aves
MA_Boston_C14_C_3706,88.9044123263273,aves
MA_Boston_C15_C_3707,83.5020756737788,aves
MA_Boston_C16_C_3708,81.6332938794301,aves
MA_Boston_C3_C_3712,94.3171852391077,aves
MA_Boston_C6_C_3715,97.362529211155,aves
MA_Boston_C8_C_3717,82.8726135596101,aves
MA_Boston_C9_C_3718,84.5403450602232,aves
MA_Boston_D8_D_3729,91.4398589546086,aves
MA_Brookline_A2_A_3757,86.9008695336314,aves
MA_Brookline_B1_B_3758,83.3128973084181,aves
MA_Brookline_B3_B_3761,94.3154075918031,aves
MA_Brookline_B5_B_3763,87.8516475187772,aves
MA_Brookline_C2_C_3767,91.8105889906693,aves
MA_Cambridge_B4_B_3775,83.6268317263657,aves
MA_Cambridge_C2_C_3780,86.3277256790187,aves
MA_Cambridge_C4_C_3782,91.3078324978002,aves
MA_Cambridge_D2_D_3787,80.3881458557844,aves
MA_Haverhill_C8_C_3823,86.3395703249219,aves
MA_Haverhill_C9_C_3824,86.263349042477,aves
MA_Holyoke Chicopee_D4_D_3856,85.9066035792663,aves
MA_Malden_C2_C_3876,86.2595574800512,aves
MA_Melrose_C1_C_3898,93.2365839045458,aves
MA_Milton_A1_A_3899,87.1660073424239,aves
MA_Milton_C1_C_3904,83.911023193708,aves
MA_Newton_A1_A_3912,87.5678291053551,aves
MA_Newton_B3_B_3917,80.6188637345985,aves
MA_Newton_B4_B_3918,95.3894233027428,aves
MA_Newton_B6_B_3920,81.3458901385647,aves
MA_Newton_B7_B_3921,82.4946146369359,aves
MA_Newton_C1_C_3922,87.8501523515915,aves
MA_Quincy_C1_C_3933,83.4501235614501,aves
MA_Somerville_B1_B_3948,83.3624434369782,aves
MA_Somerville_B4_B_3949,80.1161458642776,aves
MA_Somerville_C1_C_3950,81.4788707879345,aves
MA_Somerville_C7_C_3954,85.1045117688966,aves
MA_Waltham_B1_B_3957,82.4356982955897,aves
MA_Waltham_C1_C_3962,85.5173983503983,aves
MA_Waltham_C2_C_3965,84.4090717933819,aves
MA_Watertown_B1_B_3970,87.4402412425536,aves
MA_Watertown_C1_C_3971,96.3934589482826,aves
MA_Winchester_C1_C_3982,80.9727642495952,aves
MA_Winthrop_B1_B_3983,80.0356952538536,aves
MA_Winthrop_C2_C_3987,88.623338773731,aves
MA_Winthrop_D2_D_3989,80.5577974063078,aves
MD_Baltimore_A1_A_3990,85.1745631511198,aves
MD_Baltimore_A1_A_3991,80.4714042009523,aves
MD_Baltimore_B1_B_3997,86.9906983326965,aves
MD_Baltimore_B10_B_3998,90.2048135455711,aves
MD_Baltimore_B14_B_4002,88.5928477408682,aves
MD_Baltimore_B19_B_4009,80.1205980296633,aves
MD_Baltimore_B2_B_4010,88.7908373443356,aves
MD_Baltimore_B4_B_4016,82.093103514412,aves
MD_Baltimore_B8_B_4021,82.8237453830621,aves
MD_Baltimore_B9_B_4022,86.430429639326,aves
MD_Baltimore_C13_C_4029,80.7028832677518,aves
MD_Baltimore_C17_C_4034,83.1912522032941,aves
MD_Baltimore_C22_C_4041,80.9376038191392,aves
MD_Baltimore_C4_C_4044,86.5577770860151,aves
MD_Baltimore_D4_D_4056,80.8524592891709,aves
MD_Baltimore_D5_D_4057,87.58446408956,aves
MD_Baltimore_D9_D_4061,87.9254463275058,aves
MI_Battle Creek_A1_A_4062,84.1017838317013,aves
MI_Detroit_A9_A_4142,87.3196691057126,aves
MI_Detroit_B13_B_4149,86.3745051075276,aves
MI_Detroit_B28_B_4165,82.6314983884967,aves
MI_Detroit_C105_C_4191,91.7076969765192,aves
MI_Detroit_C115_C_4202,81.9831979054777,aves
MI_Detroit_C72_C_4277,88.0436565619097,aves
MI_Detroit_C77_C_4282,83.6875662520603,aves
MI_Detroit_C92_C_4300,81.8099759453201,aves
MI_Detroit_D39_D_4341,89.1164919936987,aves
MI_Grand Rapids_A4_A_4427,93.234227130805,aves
MI_Grand Rapids_B10_B_4432,83.3554890073782,aves
MI_Grand Rapids_B18_B_4440,80.855297157878,aves
MI_Grand Rapids_B6_B_4447,92.5921791534077,aves
MI_Grand Rapids_C15_C_4458,91.2687821082697,aves
MI_Grand Rapids_C24_C_4471,83.5685191264833,aves
MI_Grand Rapids_C26_C_4473,83.9840583408082,aves
MI_Grand Rapids_C28_C_4475,83.6037193460648,aves
MI_Grand Rapids_C7_C_4480,82.1838846113469,aves
MI_Jackson_A_A_4499,86.0825073678305,aves
MI_Jackson_B_B_4500,81.183593441586,aves
MI_Jackson_D_D_4512,80.4393621191406,aves
MI_Lansing_B_B_4576,81.7448319843625,aves
MI_Lansing_B_B_4578,80.691226847416,aves
MI_Lansing_C_C_4583,95.4704600140958,aves
MI_Lansing_C_C_4585,80.4355768559358,aves
MI_Lansing_C_C_4589,85.5412460062834,aves
MI_Lansing_C_C_4590,81.2274826314895,aves
MI_Muskegon_D4_D_4627,80.9776201182357,aves
MN_Duluth_A1_A_4697,81.1781005364566,aves
MN_Duluth_A3_A_4699,84.8950457887273,aves
MN_Duluth_B1_B_4701,86.1840484352503,aves
MN_Duluth_B5_B_4705,81.0736715278927,aves
MN_Duluth_D2_D_4722,98.7524452572627,aves
MN_Duluth_D8_D_4729,81.943741610841,aves
MN_Minneapolis_A2_A_4737,91.7916462909562,aves
MN_Minneapolis_A5_A_4740,89.446980380059,aves
MN_Minneapolis_B13_B_4752,89.9062482556196,aves
MN_Minneapolis_B16_B_4756,93.0836211036565,aves
MN_Minneapolis_B18_B_4758,88.9468360049502,aves
MN_Minneapolis_B19_B_4759,84.2851279501714,aves
MN_Minneapolis_B2_B_4760,86.8283499733013,aves
MN_Minneapolis_C6_C_4794,82.367718940935,aves
MN_Minneapolis_D9_D_4815,82.9776048963273,aves
MN_Rochester_A_A_4816,87.5209369993418,aves
MN_St. Paul_A2_A_4829,91.7729890386326,aves
MN_St. Paul_B1_B_4834,86.1455015859686,aves
MN_St. Paul_C5_C_4855,84.638460434335,aves
MN_St. Paul_D3_D_4862,80.8487115317574,aves
MN_St. Paul_D6_D_4866,97.3865186396886,aves
MO_Greater Kansas City_B23_B_4895,81.0695871570757,aves
MO_Greater Kansas City_C21_C_4916,83.6025895001771,aves
MO_Greater Kansas City_C31_C_4927,85.6106223233406,aves
MO_Greater Kansas City_C40_C_4937,80.3102332642427,aves
MO_Greater Kansas City_C47_C_4945,86.0910083674059,aves
MO_St. Louis_A13_A_5056,81.7713694480302,aves
MO_St. Louis_A20_A_5064,81.806643363235,aves
MO_St. Louis_A23_A_5067,80.1955633315518,aves
MO_St. Louis_A25_A_5069,90.4398895965587,aves
MO_St. Louis_A4_A_5077,80.5810956645747,aves
MO_St. Louis_B1_B_5084,82.1118468477388,aves
MO_St. Louis_B17_B_5093,84.3710202749999,aves
MO_St. Louis_B35_B_5114,89.8705910138259,aves
MO_St. Louis_B8_B_5126,84.3723813689193,aves
MO_St. Louis_C16_C_5136,84.4530135461905,aves
MO_St. Louis_C36_C_5160,87.4201128215326,aves
MO_St. Louis_C39_C_5163,81.8757282850607,aves
MS_Jackson_A2_A_5190,86.9489722921528,aves
NC_Asheville_A1_A_5214,90.3827815268216,aves
NC_Asheville_B3_B_5220,80.3456258279705,aves
NC_Asheville_C2_C_5228,86.5412108646186,aves
NC_Asheville_C3_C_5229,84.0538962836254,aves
NC_Asheville_D4_D_5234,80.4116182680571,aves
NC_Charlotte_A2_A_5236,89.6380227795517,aves
NC_Charlotte_B1_B_5238,81.828195782588,aves
NC_Charlotte_B2_B_5239,81.3367841047958,aves
NC_Charlotte_B5_B_5242,80.7483862026149,aves
NC_Charlotte_C13_C_5249,82.9447859927438,aves
NC_Charlotte_D1_D_5258,82.2837636067753,aves
NC_Durham_A5_A_5274,87.3231963862904,aves
NC_Durham_C1_C_5281,88.246573655147,aves
NC_Durham_C5_C_5285,87.8819434830311,aves
NC_Greensboro_A3_A_5296,83.9466417903296,aves
NC_Greensboro_C3_C_5306,81.4202299940951,aves
NC_Winston-Salem_A1_A_5316,92.5101462579025,aves
NC_Winston-Salem_B3_B_5319,81.5467404432527,aves
NC_Winston-Salem_C7_C_5330,84.1232749746848,aves
NC_Winston-Salem_C9_C_5332,80.0962418647956,aves
NE_Lincoln_A1_A_5339,88.1113966859403,aves
NE_Lincoln_B7_B_5350,80.9858848968286,aves
NE_Lincoln_C13_C_5352,86.3097380724386,aves
NE_Lincoln_C6_C_5359,82.5950143547445,aves
NE_Omaha_A_A_5364,93.6848276007292,aves
NE_Omaha_B_B_5365,94.5700504070664,aves
NE_Omaha_C_C_5368,84.3856651313541,aves
NE_Omaha_C_C_5369,86.4924143472362,aves
NJ_Atlantic City_B7_B_5408,80.4612981749789,aves
NJ_Atlantic City_C11_C_5411,89.0638145140128,aves
NJ_Atlantic City_C12_C_5412,80.6427132634212,aves
NJ_Atlantic City_C9_C_5423,88.7925824195065,aves
NJ_Bergen Co._B16_B_5444,82.7035767374435,aves
NJ_Bergen Co._B30_B_5460,84.1646438807865,aves
NJ_Bergen Co._B34_B_5465,85.932404200735,aves
NJ_Bergen Co._B39_B_5471,84.517064036783,aves
NJ_Bergen Co._C1_C_5492,98.0166486477156,aves
NJ_Bergen Co._C2_C_5503,84.2574168544701,aves
NJ_Bergen Co._C24_C_5508,81.3387948670787,aves
NJ_Bergen Co._C29_C_5513,80.9753431634862,aves
NJ_Bergen Co._C4_C_5525,90.0108515417424,aves
NJ_Bergen Co._C57_C_5550,86.532606515168,aves
NJ_Bergen Co._C9_C_5574,80.3075785110807,aves
NJ_Bergen Co._D2_D_5587,86.449860243766,aves
NJ_Camden_B13_B_5611,82.8758095527207,aves
NJ_Camden_B7_B_5619,84.4397647247895,aves
NJ_Essex Co._A1_A_5653,84.3596552429021,aves
NJ_Essex Co._A24_A_5669,92.9434662710427,aves
NJ_Essex Co._A25_A_5670,89.8232286982442,aves
NJ_Essex Co._A4_A_5678,86.0606041502465,aves
NJ_Essex Co._B13_B_5688,82.1315113440781,aves
NJ_Essex Co._B14_B_5689,92.852252924229,aves
NJ_Essex Co._B16_B_5691,85.3300906366642,aves
NJ_Essex Co._B17_B_5692,80.3212702822272,aves
NJ_Essex Co._B31_B_5708,80.1460315949012,aves
NJ_Essex Co._B39_B_5716,81.6341806271766,aves
NJ_Essex Co._B41_B_5719,93.6451781119159,aves
NJ_Essex Co._B46_B_5724,95.9287240451988,aves
NJ_Essex Co._C37_C_5760,82.2404834458619,aves
NJ_Trenton_B6_B_5868,83.0910806522163,aves
NJ_Trenton_B9_B_5871,84.025359666211,aves
NJ_Union Co._B1_B_5914,85.9606189431567,aves
NJ_Union Co._B2_B_5926,81.858056563857,aves
NJ_Union Co._B22_B_5929,82.3232604244632,aves
NJ_Union Co._B31_B_5940,81.0800289151021,aves
NJ_Union Co._B7_B_5951,83.2741879911254,aves
NJ_Union Co._C1_C_5954,81.1775913496291,aves
NJ_Union Co._C18_C_5964,80.7806121579909,aves
NJ_Union Co._C2_C_5966,88.224425113905,aves
NJ_Union Co._C22_C_5969,81.4260733479298,aves
NJ_Union Co._C40_C_5992,81.5462002369679,aves
NJ_Union Co._C44_C_5996,84.6236002513135,aves
NJ_Union Co._D2_D_6021,81.6874495404417,aves
NY_Albany_A1_A_6034,81.0398642200758,aves
NY_Albany_A2_A_6035,88.0983374686773,aves
NY_Albany_A4_A_6037,92.2374204807088,aves
NY_Albany_B1_B_6040,84.9835397480488,aves
NY_Binghamton-Johnson City_B10_B_6067,85.5312708235747,aves
NY_Binghamton-Johnson City_B2_B_6069,90.160698120867,aves
NY_Binghamton-Johnson City_B6_B_6077,81.4327124318629,aves
NY_Binghamton-Johnson City_B9_B_6082,89.2217925126715,aves
NY_Bronx_A1_A_6103,90.7074991214426,aves
NY_Bronx_C22_C_6131,85.6023837577904,aves
NY_Bronx_D7_D_6146,84.6256225293166,aves
NY_Brooklyn_A1_A_6147,85.8982708044333,aves
NY_Brooklyn_B1_B_6148,81.2411044905944,aves
NY_Brooklyn_B3_B_6158,82.0884148138971,aves
NY_Brooklyn_B7_B_6162,87.1627780908952,aves
NY_Brooklyn_C12_C_6168,89.478140811556,aves
NY_Brooklyn_C5_C_6185,86.2893499934598,aves
NY_Brooklyn_D18_D_6199,82.2313438705831,aves
NY_Brooklyn_D6_D_6210,87.9724129807974,aves
NY_Brooklyn_D8_D_6212,85.100186235128,aves
NY_Brooklyn_D9_D_6213,90.8278273802928,aves
NY_Buffalo_C3_C_6244,90.5825592265613,aves
NY_Elmira_B3_B_6271,85.9920512715753,aves
NY_Elmira_D4_D_6288,88.9829669382906,aves
NY_Lower Westchester Co._A1_A_6296,86.3087554183513,aves
NY_Lower Westchester Co._A13_A_6300,92.273418150849,aves
NY_Lower Westchester Co._A17_A_6304,84.7896865586947,aves
NY_Lower Westchester Co._B26_B_6340,85.8011443402624,aves
NY_Lower Westchester Co._B28_B_6342,81.0610788065867,aves
NY_Manhattan_A1_A_6419,94.1542613784427,aves
NY_Manhattan_A6_A_6424,81.1139913161763,aves
NY_Manhattan_A8_A_6426,91.9559488090254,aves
NY_Manhattan_B1_B_6427,83.3938126205293,aves
NY_Manhattan_B11_B_6429,91.9123988561552,aves
NY_Manhattan_B4_B_6433,95.7788447471121,aves
NY_Manhattan_B5_B_6434,80.5742434173962,aves
NY_Manhattan_B6_B_6435,91.7624042060651,aves
NY_Manhattan_B7_B_6436,90.0302341379216,aves
NY_Manhattan_C3_C_6441,82.9491239314887,aves
NY_Manhattan_C4_C_6442,87.5214035258688,aves
NY_Manhattan_D1_D_6445,84.3241489955671,aves
NY_Manhattan_D11_D_6447,80.9647000368701,aves
NY_Manhattan_D3_D_6465,88.0910001618704,aves
NY_Manhattan_D5_D_6467,84.3566475543491,aves
NY_Niagara Falls_A1_A_6472,84.8062670354364,aves
NY_Niagara Falls_B2_B_6475,80.0111364631979,aves
NY_Poughkeepsie_C4_C_6505,80.2749524103757,aves
NY_Queens_B16_B_6523,80.5234036990797,aves
NY_Queens_C31_C_6566,81.7277887903508,aves
NY_Queens_C87_C_6628,82.2848317645553,aves
NY_Queens_D32_D_6671,81.7668940179823,aves
NY_Rochester_A1_A_6693,81.5923640975864,aves
NY_Rochester_A11_A_6695,86.6043941584758,aves
NY_Rochester_A7_A_6702,84.0472676193652,aves
NY_Rochester_B12_B_6708,87.1513081401723,aves
NY_Rochester_B14_B_6710,88.2008611586206,aves
NY_Rochester_B7_B_6718,86.4833939138577,aves
NY_Rochester_C17_C_6729,81.5897432951925,aves
NY_Rochester_C2_C_6732,80.8461932442459,aves
NY_Rochester_C21_C_6734,81.311172847624,aves
NY_Rochester_C26_C_6739,92.6232670055126,aves
NY_Rochester_C3_C_6740,87.9343176062852,aves
NY_Schenectady_B1_B_6759,84.6536135022919,aves
NY_Schenectady_C6_C_6782,80.7606370020802,aves
NY_Staten Island_B6_B_6808,81.1991496425384,aves
NY_Staten Island_C10_C_6813,91.6595246388735,aves
NY_Staten Island_C15_C_6818,85.1188555656682,aves
NY_Staten Island_C23_C_6830,94.8438107910967,aves
NY_Staten Island_D12_D_6842,85.4602105153512,aves
NY_Staten Island_D15_D_6845,90.2029851614069,aves
NY_Staten Island_D7_D_6863,88.9283127932125,aves
NY_Syracuse_A3_A_6870,80.7831299015852,aves
NY_Syracuse_B20_B_6889,85.8207814611571,aves
NY_Syracuse_B8_B_6895,80.160066909612,aves
NY_Syracuse_B9_B_6896,90.043792007078,aves
NY_Syracuse_C13_C_6903,88.2190426700497,aves
NY_Syracuse_C8_C_6921,81.2117954883442,aves
NY_Troy_C2_C_6952,80.5034166227838,aves
NY_Utica_A4_A_6972,83.9739343557508,aves
OH_Akron_A2_A_6998,80.1124091605458,aves
OH_Akron_A4_A_7000,83.7304446871037,aves
OH_Akron_C20_C_7037,93.0212740047635,aves
OH_Cleveland_A1_A_7091,83.6797808845186,aves
OH_Cleveland_A1_A_7091,83.6797808845186,aves
OH_Cleveland_A12_A_7094,80.3538045365409,aves
OH_Cleveland_A12_A_7094,80.3538045365409,aves
OH_Cleveland_A2_A_7102,89.5856818198621,aves
OH_Cleveland_A2_A_7102,89.5856818198621,aves
OH_Cleveland_A3_A_7117,94.090151667742,aves
OH_Cleveland_A3_A_7117,94.090151667742,aves
OH_Cleveland_B1_B_7126,84.6744413577019,aves
OH_Cleveland_B1_B_7126,84.6744413577019,aves
OH_Cleveland_B14_B_7131,83.2665824749408,aves
OH_Cleveland_B14_B_7131,83.2665824749408,aves
OH_Cleveland_B27_B_7145,82.1403122326799,aves
OH_Cleveland_B27_B_7145,82.1403122326799,aves
OH_Cleveland_B36_B_7155,80.4291932288589,aves
OH_Cleveland_B36_B_7155,80.4291932288589,aves
OH_Cleveland_B38_B_7157,93.3258218313128,aves
OH_Cleveland_B38_B_7157,93.3258218313128,aves
OH_Cleveland_B4_B_7159,80.3969674486994,aves
OH_Cleveland_B4_B_7159,80.3969674486994,aves
OH_Cleveland_B40_B_7160,80.0217592353025,aves
OH_Cleveland_B40_B_7160,80.0217592353025,aves
OH_Cleveland_B41_B_7161,81.4691485508723,aves
OH_Cleveland_B41_B_7161,81.4691485508723,aves
OH_Cleveland_B42_B_7162,80.5425476545996,aves
OH_Cleveland_B42_B_7162,80.5425476545996,aves
OH_Cleveland_B5_B_7170,85.4989892862079,aves
OH_Cleveland_B5_B_7170,85.4989892862079,aves
OH_Cleveland_B53_B_7174,89.5965915025853,aves
OH_Cleveland_B53_B_7174,89.5965915025853,aves
OH_Cleveland_C16_C_7188,86.8703827447887,aves
OH_Cleveland_C16_C_7188,86.8703827447887,aves
OH_Cleveland_C3_C_7203,87.2677895968511,aves
OH_Cleveland_C3_C_7203,87.2677895968511,aves
OH_Cleveland_C40_C_7215,87.3497064380873,aves
OH_Cleveland_C40_C_7215,87.3497064380873,aves
OH_Cleveland_C53_C_7230,84.1775772550992,aves
OH_Cleveland_C53_C_7230,84.1775772550992,aves
OH_Cleveland_C67_C_7245,94.6326528662934,aves
OH_Cleveland_C67_C_7245,94.6326528662934,aves
OH_Cleveland_C74_C_7254,85.115463321148,aves
OH_Cleveland_C74_C_7254,85.115463321148,aves
OH_Columbus_A4_A_7290,83.3842198013258,aves
OH_Columbus_A8_A_7294,83.2654620763849,aves
OH_Columbus_B2_B_7306,82.9345561656583,aves
OH_Columbus_B4_B_7321,80.824342181365,aves
OH_Columbus_B6_B_7323,91.1198212261145,aves
OH_Columbus_B8_B_7325,93.7868768557563,aves
OH_Columbus_B9_B_7326,93.0686037845232,aves
OH_Columbus_C10_C_7328,88.4176682450027,aves
OH_Columbus_C6_C_7360,87.2708529049368,aves
OH_Columbus_C9_C_7363,90.8935586152169,aves
OH_Dayton_A1_A_7379,85.4591690002928,aves
OH_Dayton_A4_A_7382,93.227249432534,aves
OH_Dayton_A6_A_7384,80.4612720797418,aves
OH_Springfield_D2_D_7587,86.6952518947745,aves
OH_Toledo_A1_A_7594,81.7692497504913,aves
OH_Toledo_A2_A_7598,85.7136918634611,aves
OH_Toledo_A3_A_7599,80.3681106433964,aves
OH_Toledo_C21_C_7641,89.0863735773501,aves
OH_Youngstown_A1_A_7696,84.2700157642094,aves
OH_Youngstown_B7_B_7710,84.8170958437831,aves
OH_Youngstown_D4_D_7737,80.3049414577374,aves
OK_Tulsa_A_A_7833,80.8371626673661,aves
OK_Tulsa_A_A_7839,92.9948726122973,aves
OR_Portland_A16_A_7861,81.892622391744,aves
OR_Portland_A2_A_7862,82.920320937652,aves
OR_Portland_A5_A_7865,93.1087482995431,aves
OR_Portland_A6_A_7866,81.4982756648741,aves
OR_Portland_B11_B_7872,88.5750641823844,aves
OR_Portland_B17_B_7879,86.8912059246506,aves
OR_Portland_B19_B_7881,86.9918159172738,aves
OR_Portland_B21_B_7885,88.4667971280098,aves
OR_Portland_B22_B_7886,87.6793646961273,aves
OR_Portland_B26_B_7890,95.8158654108771,aves
OR_Portland_B5_B_7898,80.711221102285,aves
OR_Portland_C1_C_7903,81.9047399850674,aves
OR_Portland_C13_C_7908,81.7370537824951,aves
OR_Portland_C18_C_7913,83.8714012922767,aves
OR_Portland_C19_C_7914,86.7554859979268,aves
OR_Portland_C20_C_7917,86.9562285368674,aves
OR_Portland_C21_C_7919,82.6600358644911,aves
OR_Portland_C24_C_7925,88.1688539527355,aves
OR_Portland_C25_C_7926,84.1151031139639,aves
OR_Portland_C26_C_7927,89.542457458628,aves
OR_Portland_C27_C_7928,89.1953239063238,aves
OR_Portland_C28_C_7929,83.6117933032055,aves
OR_Portland_C30_C_7934,87.2216441002667,aves
OR_Portland_C33_C_7938,88.6626425947251,aves
OR_Portland_C34_C_7939,82.7735101889573,aves
OR_Portland_C7_C_7947,81.2247750417129,aves
OR_Portland_C9_C_7950,85.7789436591052,aves
OR_Portland_D1_D_7951,82.3453608132835,aves
OR_Portland_D3_D_7953,82.5454781794104,aves
OR_Portland_D5_D_7959,86.3543032394966,aves
OR_Portland_D6_D_7960,84.4852953296797,aves
OR_Portland_D8_D_7962,83.6837503467532,aves
OR_Portland_NA_C_7964,84.6125098275404,aves
OR_Portland_NA_C_7965,80.3864836577213,aves
OR_Portland_NA_C_7966,81.0044257994439,aves
OR_Portland_NA_B_7967,82.172540467357,aves
OR_Portland_NA_B_7968,94.4180389156089,aves
OR_Portland_NA_B_7971,85.9502719712555,aves
PA_Bethlehem_B5_B_8011,85.9434292598384,aves
PA_Erie_A2_A_8054,93.0239903665964,aves
PA_Philadelphia_A2_A_8246,88.563941904576,aves
PA_Philadelphia_A3_A_8247,85.6638138953582,aves
PA_Philadelphia_A4_A_8249,93.3609523106401,aves
PA_Philadelphia_A7_A_8252,88.7707484580199,aves
PA_Philadelphia_A9_A_8255,94.0861784438673,aves
PA_Philadelphia_B1_B_8257,92.2188549749333,aves
PA_Philadelphia_B24_B_8273,80.2927569624045,aves
PA_Philadelphia_B3_B_8274,90.0075828052983,aves
PA_Philadelphia_B5_B_8277,85.9967302269336,aves
PA_Philadelphia_B7_B_8280,90.6898472520856,aves
PA_Philadelphia_B8_B_8281,93.0858105198371,aves
PA_Philadelphia_C14_C_8292,86.1121643528361,aves
PA_Philadelphia_C4_C_8298,85.7247044936088,aves
PA_Philadelphia_C5_C_8300,83.80796500438,aves
PA_Philadelphia_D17_D_8314,80.4174819123464,aves
PA_Philadelphia_D2_D_8317,80.2460455208517,aves
PA_Philadelphia_D20_D_8318,80.276121803723,aves
PA_Philadelphia_D23_D_8322,98.8131025711043,aves
PA_Philadelphia_D5_D_8329,83.6010209598643,aves
PA_Philadelphia_E1_A_8334,84.7663575528189,aves
PA_Philadelphia_E3_B_8336,94.5783893395478,aves
PA_Philadelphia_E4_B_8337,84.1352016690845,aves
PA_Philadelphia_E6_B_8339,98.816181705013,aves
PA_Pittsburgh_A10_A_8342,82.5593359980552,aves
PA_Pittsburgh_A3_A_8345,81.7841717750881,aves
PA_Pittsburgh_B14_B_8357,84.4249188629224,aves
PA_Pittsburgh_B16_B_8359,86.1675711738256,aves
PA_Pittsburgh_B17_B_8360,85.131504228306,aves
PA_Pittsburgh_B22_B_8366,88.3227884045797,aves
PA_Pittsburgh_B24_B_8368,82.9056340596479,aves
PA_Pittsburgh_B7_B_8376,86.297561144299,aves
PA_Pittsburgh_B8_B_8377,81.2362601086186,aves
PA_Pittsburgh_C12_C_8382,82.7349107757992,aves
PA_Pittsburgh_C21_C_8392,80.68730386069,aves
PA_Pittsburgh_C22_C_8393,80.5054355181747,aves
PA_Pittsburgh_C23_C_8394,82.5554125331569,aves
PA_Pittsburgh_C33_C_8405,81.4077487411414,aves
PA_Pittsburgh_C37_C_8409,83.694304420035,aves
PA_Pittsburgh_C4_C_8412,81.3173738627188,aves
PA_Pittsburgh_C42_C_8415,81.2111921436247,aves
PA_Pittsburgh_C7_C_8418,81.4586921525994,aves
PA_Pittsburgh_D11_D_8423,84.3601327631893,aves
PA_Pittsburgh_D27_D_8440,85.2813493588079,aves
PA_Wilkes-Barre_D12_D_8482,81.226701701578,aves
RI_Providence_1_A_8547,88.3642500508881,aves
RI_Providence_2_A_8557,80.1502682564054,aves
RI_Providence_26_D_8564,81.8151369095389,aves
RI_Providence_7_B_8569,82.4566691296829,aves
SC_Columbia_B4_B_8591,80.5721079548473,aves
SC_Columbia_C2_C_8599,86.6827296561432,aves
TN_Chattanooga_A4_A_8619,83.4918154031508,aves
TN_Chattanooga_B1_B_8621,88.3988782188619,aves
TN_Chattanooga_B2_B_8622,80.6299344820402,aves
TN_Chattanooga_B3_B_8623,81.0149503533354,aves
TN_Chattanooga_B8_B_8628,89.400714904379,aves
TN_Chattanooga_C3_C_8633,81.9369077586291,aves
TN_Chattanooga_D8_D_8647,89.4823303225798,aves
TN_Knoxville_A1_A_8648,91.9641959265188,aves
TN_Knoxville_C6_C_8676,82.6849496433521,aves
TN_Memphis_A1_A_8692,87.2444733620731,aves
TN_Memphis_B1_B_8699,80.1782831870683,aves
TN_Memphis_B6_B_8704,80.3563231845972,aves
TN_Memphis_D1_D_8715,84.6055514959469,aves
TN_Nashville_A_A_8718,90.3598191528102,aves
TN_Nashville_B1_B_8719,89.348337974219,aves
TN_Nashville_C3_C_8723,82.3398103071941,aves
TN_Nashville_D1_D_8724,83.4013788057112,aves
TX_Austin_A_A_8748,85.0641221621796,aves
TX_Austin_A_A_8749,94.4064816678057,aves
TX_Austin_B_B_8751,83.0117236559383,aves
TX_Austin_B_B_8755,86.0354039915756,aves
TX_Austin_C_C_8757,88.391801912683,aves
TX_Austin_D_D_8758,93.342067016613,aves
TX_Austin_D_D_8759,82.8598839687578,aves
TX_Austin_D_D_8761,89.3499303065994,aves
TX_Dallas_A2_A_8787,85.9208113060696,aves
TX_Dallas_C9_C_8821,83.0010214955104,aves
TX_El Paso_A1_A_8831,81.9599301670471,aves
TX_Fort Worth_A_A_8855,85.6281266284897,aves
TX_Fort Worth_C_C_8873,82.3831058137829,aves
TX_Fort Worth_C_C_8883,84.1941913972754,aves
TX_Fort Worth_D_D_8890,85.7864453613352,aves
TX_Galveston_A_A_8908,82.5143502479331,aves
TX_Galveston_A_A_8908,82.5143502479331,aves
TX_Galveston_B_B_8909,85.7718187596699,aves
TX_Galveston_B_B_8909,85.7718187596699,aves
TX_Galveston_D_D_8913,94.7515650939451,aves
TX_Galveston_D_D_8913,94.7515650939451,aves
TX_Houston_NA_B_8915,83.3147777977688,aves
TX_Houston_NA_B_8915,83.3147777977688,aves
TX_Houston_NA_C_8940,92.2749921339665,aves
TX_Houston_NA_C_8940,92.2749921339665,aves
TX_Houston_NA_B_8943,81.4525627858758,aves
TX_Houston_NA_B_8943,81.4525627858758,aves
TX_Houston_NA_C_8944,85.8541893958126,aves
TX_Houston_NA_C_8944,85.8541893958126,aves
TX_Houston_NA_A_8947,82.3030094492477,aves
TX_Houston_NA_A_8947,82.3030094492477,aves
TX_Port Arthur_B_B_8955,82.2774662275732,aves
TX_Port Arthur_B_B_8955,82.2774662275732,aves
TX_San Antonio_NA_C_8963,85.5134207415255,aves
TX_San Antonio_NA_B_8967,90.5253844859218,aves
TX_San Antonio_NA_B_8972,80.3531520499526,aves
TX_San Antonio_NA_A_8975,81.3420369814314,aves
TX_San Antonio_NA_C_8976,94.3557202578772,aves
TX_San Antonio_NA_C_8977,89.4629401366498,aves
TX_San Antonio_NA_B_8980,82.6871647576995,aves
TX_San Antonio_NA_D_8981,90.2324489646816,aves
TX_Waco_D_D_9004,83.7401064319723,aves
UT_Ogden_B4_B_9013,80.5161250127086,aves
UT_Ogden_D9_D_9029,83.6402308970999,aves
UT_Salt Lake City_A1_A_9030,80.5019285829419,aves
UT_Salt Lake City_A2_A_9031,82.5465219126061,aves
UT_Salt Lake City_A3_A_9032,83.8193414574844,aves
UT_Salt Lake City_B1_B_9034,92.7578985834468,aves
UT_Salt Lake City_B4_B_9037,85.6650778158302,aves
UT_Salt Lake City_B5_B_9038,81.6599037063418,aves
UT_Salt Lake City_B7_B_9040,85.5528977278739,aves
UT_Salt Lake City_C1_C_9041,80.249901543387,aves
UT_Salt Lake City_C2_C_9042,80.815338658344,aves
UT_Salt Lake City_C3_C_9043,89.3140312079769,aves
UT_Salt Lake City_D5_D_9055,82.9579294729678,aves
VA_Newport News_B1_B_9093,80.4510177405454,aves
VA_Norfolk_A1_A_9111,82.297660294588,aves
VA_Norfolk_A2_A_9112,93.0738147540149,aves
VA_Norfolk_A4_A_9114,80.0378385390287,aves
VA_Norfolk_B2_B_9124,83.6653633721867,aves
VA_Norfolk_B6_B_9128,87.662338192922,aves
VA_Norfolk_B7_B_9129,83.9755212067231,aves
VA_Norfolk_B8_B_9130,90.0022132038076,aves
VA_Norfolk_C1_C_9132,87.1466587542504,aves
VA_Norfolk_C14_C_9137,92.0877516222578,aves
VA_Norfolk_C36_C_9162,80.6661489585319,aves
VA_Norfolk_C8_C_9176,83.3217307003742,aves
VA_Norfolk_D13_D_9182,83.0720911234763,aves
VA_Norfolk_D24_D_9194,80.7098599959217,aves
VA_Richmond_B1_B_9216,92.2968590110269,aves
VA_Richmond_B10_B_9217,88.1520991572402,aves
VA_Richmond_B8_B_9234,83.4071384732783,aves
VA_Richmond_C1_C_9236,81.3375956863584,aves
VA_Richmond_C2_C_9242,86.4360252468728,aves
VA_Richmond_D9_D_9277,85.208987104078,aves
VA_Roanoke_B3_B_9287,81.4509425685262,aves
VA_Roanoke_C6_C_9296,82.8156800192134,aves
VA_Roanoke_C7_C_9297,86.3514055342181,aves
WA_Seattle_A11_A_9317,85.7410458620662,aves
WA_Seattle_A12_A_9318,80.9577585474826,aves
WA_Seattle_A4_A_9322,81.0407579249238,aves
WA_Seattle_A5_A_9323,85.1082154727423,aves
WA_Seattle_A6_A_9324,86.6595749656904,aves
WA_Seattle_A7_A_9325,88.95552935205,aves
WA_Seattle_B1_B_9328,88.1854501485069,aves
WA_Seattle_B11_B_9330,91.3725523093797,aves
WA_Seattle_B12_B_9331,93.6085060413316,aves
WA_Seattle_B13_B_9332,80.1743286965867,aves
WA_Seattle_B14_B_9333,92.4754008118982,aves
WA_Seattle_B17_B_9336,90.4805362130155,aves
WA_Seattle_B18_B_9337,93.7561085296598,aves
WA_Seattle_B19_B_9338,91.4182713050577,aves
WA_Seattle_B2_B_9339,89.5970497115251,aves
WA_Seattle_B3_B_9340,94.3674847675633,aves
WA_Seattle_B4_B_9341,86.0512668876437,aves
WA_Seattle_B5_B_9342,80.3985253576537,aves
WA_Seattle_B7_B_9344,87.09117072563,aves
WA_Seattle_C1_C_9347,82.1535617792896,aves
WA_Seattle_C11_C_9349,83.4695578861746,aves
WA_Seattle_C13_C_9351,89.8860359936896,aves
WA_Seattle_C14_C_9352,91.83791063192,aves
WA_Seattle_C18_C_9356,80.931565604206,aves
WA_Seattle_C2_C_9357,88.5297562343961,aves
WA_Seattle_C4_C_9359,80.5514195105045,aves
WA_Seattle_C5_C_9360,84.5339381119362,aves
WA_Seattle_C7_C_9362,92.2345531266769,aves
WA_Seattle_D10_D_9368,89.9757522515547,aves
WA_Seattle_D5_D_9373,84.9498049709717,aves
WA_Seattle_D6_D_9374,88.2105479734962,aves
WA_Seattle_D8_D_9376,89.9192700403237,aves
WA_Tacoma_A2_A_9438,83.4863018949476,aves
WA_Tacoma_B6_B_9447,81.7535244764801,aves
WA_Tacoma_C2_C_9462,87.2868911052614,aves
WA_Tacoma_C2_C_9463,82.2730905959813,aves
WA_Tacoma_C3_C_9469,83.8761024518893,aves
WA_Tacoma_C5_C_9471,81.495588201816,aves
WA_Tacoma_C9_C_9475,91.2905557514318,aves
WI_Madison_A2_A_9510,93.6319622824233,aves
WI_Madison_A4_A_9512,83.6220914225243,aves
WI_Madison_B6_B_9519,87.2594792762058,aves
WI_Madison_B9_B_9523,89.5505562416491,aves
WI_Madison_C2_C_9533,86.9421283346911,aves
WI_Madison_C8_C_9539,91.8383371374421,aves
WI_Madison_C9_C_9540,81.2855458797105,aves
WI_Madison_D9_D_9554,91.8720033334213,aves
WI_Milwaukee Co._A1_A_9555,94.0996738042072,aves
WI_Milwaukee Co._A2_A_9556,91.3702525923334,aves
WI_Milwaukee Co._B2_B_9574,85.9704945819841,aves
WI_Milwaukee Co._B4_B_9577,80.2699549076137,aves
WI_Milwaukee Co._B6_B_9579,94.442754011772,aves
WI_Milwaukee Co._C31_C_9609,81.7270480462254,aves
WI_Milwaukee Co._C9_C_9622,91.9057764229687,aves
WI_Milwaukee Co._D3_D_9637,80.6989923094377,aves
WI_Milwaukee Co._S-B1_B_9649,85.6904135561604,aves
WI_Milwaukee Co._S-B4_B_9652,91.437230462546,aves
WI_Oshkosh_C2_C_9684,80.3740553062467,aves
WI_Racine_A1_A_9704,85.9124460131662,aves
WV_Huntington_C11_C_9807,91.626088864065,aves
WV_Huntington_C14_C_9810,80.739462894175,aves
CA_Los Angeles_A12_A_236,83.2352338934166,fungi
CA_Los Angeles_C34_C_517,82.2247648324909,fungi
CA_Oakland_C10_C_737,86.3745051075276,fungi
CO_Denver_C7_C_1187,81.4439695379978,fungi
IL_Joliet_C4_C_2756,86.0332072840441,fungi
IL_Joliet_C4_C_2756,86.0332072840441,fungi
NY_Manhattan_B5_B_6434,81.336470106759,fungi
PA_Erie_C14_C_8079,86.0332072840441,fungi
TX_Dallas_B10_B_8796,83.3093302916513,fungi
PA_Erie_C14_C_8079,86.0332072840441,fungi
CA_Los Angeles_C39_C_522,81.3543499520097,insecta
CA_Oakland_D7_D_815,82.9941926542769,insecta
CA_San Diego_NA_B_954,81.0827423261618,insecta
IL_Chicago_C127_C_2257,82.6003473423089,insecta
IL_Chicago_C127_C_2257,82.6003473423089,insecta
IL_Chicago_C215_C_2359,80.932412384534,insecta
IL_Chicago_C215_C_2359,80.932412384534,insecta
IN_Terre Haute_D9_D_3264,89.7180963330873,insecta
MA_Belmont_A1_A_3676,85.3694787375484,insecta
MA_Cambridge_B1_B_3772,80.2913318996888,insecta
MA_Cambridge_C1_C_3779,80.1284331640187,insecta
MO_St. Louis_B36_B_5115,80.9802598230477,insecta
NJ_Essex Co._B34_B_5711,82.5555385959664,insecta
NY_Brooklyn_B7_B_6162,83.0397822233696,insecta
OH_Lima_D1_D_7509,90.3942096464741,insecta
MO_St. Louis_B36_B_5115,90.7511965982321,insecta
CA_Los Angeles_A16_A_241,84.5363619417765,mammalia
CA_Los Angeles_A21_A_248,93.1052590994557,mammalia
CA_Los Angeles_B94_B_409,85.5803394655772,mammalia
CA_Los Angeles_C108_C_425,87.9164920113323,mammalia
CA_Los Angeles_C124_C_444,80.54435568782,mammalia
CA_Los Angeles_C156_C_484,85.4284986180154,mammalia
CA_Los Angeles_C22_C_504,80.7038803809959,mammalia
CA_Los Angeles_C25_C_507,88.1897584703536,mammalia
CA_Los Angeles_D35_D_623,83.5605327771601,mammalia
CA_Los Angeles_D51_D_641,90.9127540766628,mammalia
CA_Oakland_B3_B_709,84.1278983035813,mammalia
CA_Oakland_B5_B_728,82.5840806493906,mammalia
CA_Oakland_C7_C_785,86.6913912704417,mammalia
CA_San Diego_A1_A_882,92.7550873834141,mammalia
CA_San Diego_A2_A_888,90.9127540766628,mammalia
CA_San Diego_B2_B_907,101.148025246579,mammalia
CA_San Diego_D2_D_945,85.2211504300959,mammalia
CA_San Francisco_B23_B_988,86.1209237917019,mammalia
CA_San Francisco_B34_B_1000,84.8893072874025,mammalia
CA_San Francisco_C24_C_1028,93.1380303326791,mammalia
CA_San Jose_C12_C_1078,82.5555385959664,mammalia
CA_San Jose_C14_C_1081,92.4187695636702,mammalia
CO_Denver_C18_C_1179,86.3745051075276,mammalia
CO_Denver_D6_D_1206,86.7228495799963,mammalia
FL_St. Petersburg_C4_C_1591,90.5163675686284,mammalia
IL_Chicago_B76_B_2199,86.0332072840441,mammalia
IL_Chicago_B76_B_2199,86.0332072840441,mammalia
IL_Chicago_D29_D_2573,89.6590316938341,mammalia
IL_Chicago_D29_D_2573,89.6590316938341,mammalia
MA_Belmont_A1_A_3676,81.7287676141933,mammalia
MA_Boston_A1_A_3692,81.9293293413609,mammalia
MA_Boston_B4_B_3696,85.5803394655772,mammalia
MA_Boston_C1_C_3701,90.2894336443826,mammalia
MA_Boston_D7_D_3728,86.5220707175542,mammalia
MA_Boston_D9_D_3730,86.3745051075276,mammalia
MA_Brookline_B3_B_3761,88.7639730293888,mammalia
MA_Cambridge_C4_C_3782,88.9345840712965,mammalia
MA_Cambridge_D1_D_3785,92.9486926954063,mammalia
MA_Cambridge_D1_D_3786,93.3429939911877,mammalia
MA_Medford_C4_C_3888,89.3993309467776,mammalia
MA_Newton_A2_A_3913,84.8483475120315,mammalia
MA_Newton_B4_B_3918,81.6135515812404,mammalia
MA_Somerville_B1_B_3948,93.204317953538,mammalia
MA_Somerville_C8_C_3955,83.4033740396036,mammalia
MA_Waltham_C1_C_3963,80.7256517179135,mammalia
MD_Baltimore_B10_B_3998,83.3840419866375,mammalia
MI_Detroit_A9_A_4142,86.3745051075276,mammalia
MI_Detroit_D37_D_4339,85.7725215587992,mammalia
MN_Duluth_B1_B_4701,86.0332072840441,mammalia
MN_St. Paul_A4_A_4831,86.0332072840441,mammalia
MN_St. Paul_B4_B_4842,86.1209237917019,mammalia
NE_Lincoln_C6_C_5359,81.8557630453386,mammalia
NJ_Bergen Co._B34_B_5465,90.3461850759002,mammalia
NJ_Bergen Co._C23_C_5507,82.5555385959664,mammalia
NJ_Union Co._A2_A_5906,86.0332072840441,mammalia
NJ_Union Co._B9_B_5953,81.3050479909065,mammalia
NY_Brooklyn_C1_C_6165,86.3745051075276,mammalia
NY_Brooklyn_D9_D_6213,80.2883235861402,mammalia
NY_Manhattan_B1_B_6427,90.2266652630097,mammalia
NY_Manhattan_B6_B_6435,90.0614023504431,mammalia
NY_Manhattan_D1_D_6445,84.1278983035813,mammalia
NY_Manhattan_D19_D_6455,90.7469850177361,mammalia
NY_Manhattan_D3_D_6465,88.0623275079199,mammalia
NY_Manhattan_D5_D_6467,84.1278983035813,mammalia
OH_Akron_C21_C_7038,86.3745051075276,mammalia
OH_Cleveland_C53_C_7230,83.6789975834084,mammalia
OH_Cleveland_C53_C_7230,83.6789975834084,mammalia
PA_Philadelphia_A4_A_8248,86.0332072840441,mammalia
PA_Philadelphia_C_C_8285,86.0332072840441,mammalia
PA_Philadelphia_C6_C_8302,84.5363619417765,mammalia
PA_Philadelphia_D18_D_8315,85.5803394655772,mammalia
PA_Philadelphia_E6_B_8339,80.8371184148016,mammalia
PA_Pittsburgh_B11_B_8354,84.5363619417765,mammalia
PA_Pittsburgh_C13_C_8383,82.5555385959664,mammalia
TN_Knoxville_B12_B_8655,82.4536591073486,mammalia
TX_Austin_B_B_8754,91.4333378180805,mammalia
TX_Houston_NA_A_8947,84.1278983035813,mammalia
TX_Houston_NA_A_8947,84.1278983035813,mammalia
TX_San Antonio_NA_B_8970,81.141374070932,mammalia
TX_San Antonio_NA_A_8975,85.5803394655772,mammalia
TX_San Antonio_NA_C_8976,82.0530908474711,mammalia
UT_Salt Lake City_A2_A_9031,93.2345850660018,mammalia
UT_Salt Lake City_A3_A_9032,91.039719922488,mammalia
UT_Salt Lake City_B7_B_9040,86.2512709539526,mammalia
VA_Richmond_C2_C_9242,82.6974705675618,mammalia
WI_Madison_C7_C_9538,86.0332072840441,mammalia
WI_Madison_C8_C_9539,81.8503793098014,mammalia
WI_Madison_C9_C_9540,85.5803394655772,mammalia
WI_Milwaukee Co._A1_A_9555,84.9076320659848,mammalia
WI_Milwaukee Co._B16_B_9570,82.5840561997235,mammalia
WI_Milwaukee Co._S-C4_C_9665,86.3745051075276,mammalia
IN_Evansville_D5_D_2904,81.722644804662,plantae
NJ_Bergen Co._B31_B_5462,80.8891997587779,plantae
NJ_Bergen Co._B34_B_5465,83.4834209882075,plantae
NJ_Bergen Co._C23_C_5507,84.2892364958882,plantae
NJ_Bergen Co._C44_C_5531,83.8996031055256,plantae
NY_Bronx_B10_B_6106,86.2435578571429,plantae
NY_Bronx_B11_B_6107,81.7489674019122,plantae
NY_Bronx_B8_B_6114,82.8036084077641,plantae
NY_Bronx_B9_B_6116,88.2447410575567,plantae
NY_Bronx_C10_C_6118,87.0977072254939,plantae
NY_Bronx_C11_C_6119,90.1925040897463,plantae
NY_Bronx_C17_C_6125,87.6064809136066,plantae
NY_Bronx_C2_C_6128,85.8125576221025,plantae
NY_Bronx_C3_C_6133,91.7900276854306,plantae
NY_Bronx_C4_C_6134,86.7811199541077,plantae
NY_Bronx_C5_C_6135,94.2318441532961,plantae
NY_Bronx_C6_C_6136,91.3199241015487,plantae
NY_Bronx_C7_C_6137,82.677127008767,plantae
NY_Bronx_C8_C_6138,84.5093077594366,plantae
NY_Bronx_C9_C_6139,87.3497962763701,plantae
NY_Bronx_D1_D_6140,93.7827865702928,plantae
NY_Bronx_D2_D_6141,85.6791587717315,plantae
NY_Bronx_D4_D_6143,91.7074769083979,plantae
NY_Bronx_D5_D_6144,86.3438531409216,plantae
NY_Bronx_D6_D_6145,89.6391502568829,plantae
NY_Brooklyn_B10_B_6149,81.5168304472984,plantae
NY_Brooklyn_B11_B_6150,87.2755847335223,plantae
NY_Brooklyn_B13_B_6152,87.2914738516311,plantae
NY_Brooklyn_B14_B_6153,84.6713555546512,plantae
NY_Brooklyn_B15_B_6154,84.3381903112425,plantae
NY_Brooklyn_B17_B_6156,83.5670963384775,plantae
NY_Brooklyn_B4_B_6159,82.1450313093223,plantae
NY_Brooklyn_B6_B_6161,91.4116091660072,plantae
NY_Brooklyn_B8_B_6163,80.4637250379246,plantae
NY_Brooklyn_C10_C_6166,80.3166899713539,plantae
NY_Brooklyn_C11_C_6167,92.5375118171804,plantae
NY_Brooklyn_C13_C_6169,83.8475892346584,plantae
NY_Brooklyn_C14_C_6170,88.3576680961616,plantae
NY_Brooklyn_C15_C_6171,89.7507810789579,plantae
NY_Brooklyn_C16_C_6172,88.749500525950907,plantae
NY_Brooklyn_C19_C_6175,81.6160508106528,plantae
NY_Brooklyn_C2_C_6176,84.6576692135662,plantae
NY_Brooklyn_C20_C_6177,84.4577432457375,plantae
NY_Brooklyn_C21_C_6178,91.0570681841018,plantae
NY_Brooklyn_C25_C_6182,84.6239377528018,plantae
NY_Brooklyn_C4_C_6184,83.3401554727819,plantae
NY_Brooklyn_C6_C_6186,80.265028500215,plantae
NY_Brooklyn_C7_C_6187,86.3920859861298,plantae
NY_Brooklyn_C8_C_6188,90.0442736201753,plantae
NY_Brooklyn_C9_C_6189,84.6000453251042,plantae
NY_Brooklyn_D10_D_6191,87.6463941450821,plantae
NY_Brooklyn_D11_D_6192,94.6186671474096,plantae
NY_Brooklyn_D12_D_6193,85.5147705690048,plantae
NY_Brooklyn_D14_D_6195,86.2746514736122,plantae
NY_Brooklyn_D16_D_6197,81.0201344671258,plantae
NY_Brooklyn_D17_D_6198,88.0796983939511,plantae
NY_Brooklyn_D19_D_6200,83.2346650816624,plantae
NY_Brooklyn_D23_D_6205,90.5901923724121,plantae
NY_Brooklyn_D23_D_6206,80.245141006075,plantae
NY_Manhattan_B12_B_6430,82.7420181098657,plantae
NY_Manhattan_C2_C_6440,85.2988564963403,plantae
NY_Manhattan_D17_D_6453,86.5882900139568,plantae
NY_Manhattan_D18_D_6454,80.5345719055536,plantae
NY_Manhattan_D23_D_6460,81.4004665667932,plantae
NY_Queens_A1_A_6514,84.3502105049466,plantae
NY_Queens_B10_B_6516,86.3450541447622,plantae
NY_Queens_B11_B_6517,81.2236996313335,plantae
NY_Queens_B11_B_6518,87.2272812283294,plantae
NY_Queens_B12_B_6519,83.8216251966315,plantae
NY_Queens_B14_B_6521,88.0254881465818,plantae
NY_Queens_B16_B_6523,89.7511225459112,plantae
NY_Queens_B17_B_6524,80.8320869947896,plantae
NY_Queens_B3_B_6526,83.9895068890424,plantae
NY_Queens_B7_B_6530,82.7887339653708,plantae
NY_Queens_B9_B_6532,89.1014607868163,plantae
NY_Queens_C103_C_6538,83.9620020498871,plantae
NY_Queens_C105_C_6540,84.4891166287825,plantae
NY_Queens_C107_C_6542,88.2358676422341,plantae
NY_Queens_C108_C_6543,80.4555637252233,plantae
NY_Queens_C11_C_6544,85.6722575771697,plantae
NY_Queens_C16_C_6549,85.1990628925692,plantae
NY_Queens_C20_C_6554,80.1093293129863,plantae
NY_Queens_C22_C_6556,80.9151000182322,plantae
NY_Queens_C23_C_6557,93.230751831944,plantae
NY_Queens_C26_C_6560,83.3830185385998,plantae
NY_Queens_C3_C_6564,83.0883860560495,plantae
NY_Queens_C31_C_6566,81.2432039693018,plantae
NY_Queens_C32_C_6567,84.8339775139035,plantae
NY_Queens_C33_C_6568,82.4713917309643,plantae
NY_Queens_C34_C_6569,83.2077658440518,plantae
NY_Queens_C35_C_6570,83.1683232848173,plantae
NY_Queens_C36_C_6571,81.5196019143744,plantae
NY_Queens_C37_C_6572,85.9725511030962,plantae
NY_Queens_C38_C_6573,84.6583863423626,plantae
NY_Queens_C39_C_6574,85.0116643037867,plantae
NY_Queens_C4_C_6575,85.8512735974286,plantae
NY_Queens_C40_C_6576,83.911456397308,plantae
NY_Queens_C41_C_6577,80.7382456948178,plantae
NY_Queens_C43_C_6579,87.7947689971996,plantae
NY_Queens_C45_C_6581,82.1693252629963,plantae
NY_Queens_C46_C_6582,85.3958487437441,plantae
NY_Queens_C47_C_6583,85.793522382263,plantae
NY_Queens_C48_C_6584,80.7235475009683,plantae
NY_Queens_C49_C_6585,83.1909668280451,plantae
NY_Queens_C5_C_6586,86.4483709015357,plantae
NY_Queens_C50_C_6587,88.7162895019871,plantae
NY_Queens_C52_C_6589,84.4496123743623,plantae
NY_Queens_C53_C_6590,83.992401543761,plantae
NY_Queens_C54_C_6591,87.8348251545018,plantae
NY_Queens_C55_C_6592,80.6527177736394,plantae
NY_Queens_C6_C_6597,84.4752749685254,plantae
NY_Queens_C60_C_6598,86.5440118147972,plantae
NY_Queens_C61_C_6599,84.6301494357052,plantae
NY_Queens_C62_C_6600,90.6003755380716,plantae
NY_Queens_C63_C_6601,85.1620045984697,plantae
NY_Queens_C64_C_6602,88.3712230261486,plantae
NY_Queens_C65_C_6603,85.4364681516756,plantae
NY_Queens_C66_C_6604,84.7152989865786,plantae
NY_Queens_C67_C_6605,83.7995819045596,plantae
NY_Queens_C68_C_6606,80.4164346421252,plantae
NY_Queens_C69_C_6607,85.3280037064739,plantae
NY_Queens_C7_C_6609,83.3966284065482,plantae
NY_Queens_C71_C_6611,86.5841162523402,plantae
NY_Queens_C72_C_6612,83.5537312257496,plantae
NY_Queens_C73_C_6613,87.3338742643614,plantae
NY_Queens_C74_C_6614,80.6282708770635,plantae
NY_Queens_C75_C_6615,87.9086420891759,plantae
NY_Queens_C76_C_6616,83.8135792437416,plantae
NY_Queens_C77_C_6617,87.1751333314325,plantae
NY_Queens_C78_C_6618,89.6823479597915,plantae
NY_Queens_C79_C_6619,80.786029108034,plantae
NY_Queens_C8_C_6620,86.2578984659934,plantae
NY_Queens_C81_C_6622,83.4948121730385,plantae
NY_Queens_C83_C_6624,90.2144218809168,plantae
NY_Queens_C84_C_6625,85.5567662983505,plantae
NY_Queens_C86_C_6627,81.2684579415591,plantae
NY_Queens_C87_C_6628,87.6676202795929,plantae
NY_Queens_C90_C_6632,93.5327474930617,plantae
NY_Queens_C91_C_6633,87.8386060381406,plantae
NY_Queens_C93_C_6636,80.9256837323799,plantae
NY_Queens_C95_C_6638,83.5774054735185,plantae
NY_Queens_C96_C_6639,84.4889332892337,plantae
NY_Queens_C98_C_6641,82.508240304359,plantae
NY_Queens_D12_D_6646,81.4315930179413,plantae
NY_Queens_D13_D_6649,82.3776344304185,plantae
NY_Queens_D14_D_6650,86.5319382085072,plantae
NY_Queens_D16_D_6652,82.8471832199186,plantae
NY_Queens_D17_D_6653,81.8556458466743,plantae
NY_Queens_D18_D_6654,85.2735043435941,plantae
NY_Queens_D19_D_6655,83.1392273043785,plantae
NY_Queens_D23_D_6660,82.1639172569341,plantae
NY_Queens_D34_D_6675,81.6481055141746,plantae
NY_Queens_D5_D_6678,84.0320504267682,plantae
NY_Queens_D6_D_6679,88.2186955399404,plantae
NY_Queens_D7_D_6680,80.4682390863534,plantae
NY_Queens_D8_D_6681,83.2326589453173,plantae
NY_Queens_D9_D_6682,80.2208886333378,plantae
NY_Queens_NA_C_6683,87.3820820022116,plantae
NY_Queens_NA_D_6686,82.3218989480489,plantae
NY_Queens_NA_C_6692,83.7835325589948,plantae
NY_Staten Island_B1_B_6797,85.5467732481343,plantae
NY_Staten Island_B12_B_6800,80.6049730644203,plantae
NY_Staten Island_B13_B_6801,81.7062292338219,plantae
NY_Staten Island_B2_B_6804,82.2993286987539,plantae
NY_Staten Island_B3_B_6805,85.6782956067157,plantae
NY_Staten Island_B4_B_6806,82.1769003787985,plantae
NY_Staten Island_B9_B_6811,81.3748201024373,plantae
NY_Staten Island_C11_C_6814,82.6140882882397,plantae
NY_Staten Island_C14_C_6817,86.5197519205612,plantae
NY_Staten Island_C15_C_6818,86.7432958510972,plantae
NY_Staten Island_C21_C_6826,83.1432113742469,plantae
NY_Staten Island_C22_C_6828,81.2318638719471,plantae
NY_Staten Island_C23_C_6830,82.7692360403473,plantae
NY_Staten Island_C3_C_6832,82.2331582177329,plantae
NY_Staten Island_C5_C_6834,81.4598735376791,plantae
NY_Staten Island_C6_C_6835,89.2097427309185,plantae
NY_Staten Island_C7_C_6836,89.4761986781349,plantae
NY_Staten Island_D1_D_6839,88.5654819109416,plantae
NY_Staten Island_D11_D_6841,85.5502185929591,plantae
NY_Staten Island_D22_D_6856,81.4230077758711,plantae
NY_Staten Island_D4_D_6859,88.8550240928552,plantae
NY_Staten Island_D5_D_6860,83.1642769977953,plantae
NY_Staten Island_D6_D_6861,83.4200949397756,plantae
NY_Staten Island_D8_D_6864,92.8098868589852,plantae
TX_El Paso_C4_C_8844,92.3914284120777,plantae
WA_Spokane_C3_C_9414,86.1209237917019,plantae
CA_Los Angeles_A11_A_235,86.3745051075276,reptilia
CA_Los Angeles_A29_A_256,80.421114495805,reptilia
CA_Los Angeles_A31_A_259,86.3745051075276,reptilia
CA_Los Angeles_A41_A_271,84.4998933391812,reptilia
CA_Los Angeles_A5_A_278,85.5803394655772,reptilia
CA_Los Angeles_A59_A_287,92.0537723953683,reptilia
CA_Los Angeles_A6_A_288,81.9830981752779,reptilia
CA_Los Angeles_A7_A_290,86.5220707175542,reptilia
CA_Los Angeles_B10_B_294,90.9990432175244,reptilia
CA_Los Angeles_B12_B_317,86.5220707175542,reptilia
CA_Los Angeles_B121_B_319,100.211859777149,reptilia
CA_Los Angeles_B19_B_327,86.1209237917019,reptilia
CA_Los Angeles_B30_B_340,93.2345850660018,reptilia
CA_Los Angeles_B34_B_344,90.9206876294209,reptilia
CA_Los Angeles_B51_B_363,86.0332072840441,reptilia
CA_Los Angeles_B75_B_388,88.0175581602404,reptilia
CA_Los Angeles_C124_C_444,86.0332072840441,reptilia
CA_Los Angeles_C14_C_462,81.0084806549575,reptilia
CA_Los Angeles_C164_C_493,80.3259045738342,reptilia
CA_Los Angeles_C20_C_502,83.0556139608997,reptilia
CA_Los Angeles_C22_C_504,89.7359131069194,reptilia
CA_Los Angeles_C30_C_513,87.3369666709788,reptilia
CA_Los Angeles_C33_C_516,89.3993309467776,reptilia
CA_Los Angeles_C43_C_528,84.1278983035813,reptilia
CA_Los Angeles_C55_C_544,89.3993309467776,reptilia
CA_Los Angeles_C83_C_577,86.0332072840441,reptilia
CA_Los Angeles_C89_C_583,92.0562774820753,reptilia
CA_Los Angeles_C91_C_586,82.2538019028441,reptilia
CA_Los Angeles_C97_C_592,88.6057220916901,reptilia
CA_Los Angeles_C98_C_593,86.0332072840441,reptilia
CA_Los Angeles_D11_D_597,95.3058929366444,reptilia
CA_Los Angeles_D25_D_612,86.0332072840441,reptilia
CA_Los Angeles_D30_D_618,90.7469850177361,reptilia
CA_Los Angeles_D35_D_623,90.8628927633167,reptilia
CA_Los Angeles_D54_D_644,80.7038803809959,reptilia
CA_Los Angeles_D63_D_660,82.2095589802266,reptilia
CA_Los Angeles_D66_D_664,86.0332072840441,reptilia
CA_Oakland_B7_B_730,83.8008430404919,reptilia
CA_San Diego_A12_A_885,86.3745051075276,reptilia
CA_San Diego_B20_B_908,83.2355899521399,reptilia
CA_San Diego_C11_C_921,82.3531326355043,reptilia
CA_San Diego_C14_C_924,84.1278983035813,reptilia
CA_San Francisco_D13_D_1048,85.5668072524665,reptilia
FL_Miami_A1_A_1446,85.407568436038,reptilia
FL_Miami_A11_A_1448,80.0927831101319,reptilia
FL_Miami_A8_A_1467,86.7222142676783,reptilia
FL_Miami_D6_D_1557,81.8449697259306,reptilia
LA_New Orleans_C11_C_3515,84.1000250180405,reptilia
LA_New Orleans_C34_C_3546,85.1351100378426,reptilia
LA_New Orleans_C47_C_3561,86.0332072840441,reptilia
LA_New Orleans_C51_C_3566,81.6786187664122,reptilia
LA_New Orleans_D35_D_3609,90.9990432175244,reptilia
MA_Boston_D8_D_3729,86.3745051075276,reptilia
MD_Baltimore_C13_C_4029,86.0332072840441,reptilia
MD_Baltimore_C21_C_4040,85.5769930141075,reptilia
MN_St. Paul_D6_D_4866,84.8893072874025,reptilia
NC_Greensboro_B5_B_5302,86.0332072840441,reptilia
NY_Syracuse_B9_B_6896,86.0332072840441,reptilia
PA_Philadelphia_A4_A_8249,86.3745051075276,reptilia
PA_Philadelphia_B5_B_8277,81.8557630453386,reptilia
PA_Philadelphia_D23_D_8322,90.3393235094878,reptilia
PA_Philadelphia_E3_B_8336,89.3645017174796,reptilia
PA_Philadelphia_E6_B_8339,80.3646904185665,reptilia
PA_Pittsburgh_B1_B_8352,86.0332072840441,reptilia
TN_Memphis_B1_B_8699,82.5555385959664,reptilia
TX_Austin_A_A_8748,80.1609930172606,reptilia
TX_Austin_A_A_8749,85.7426689058119,reptilia
TX_Austin_B_B_8755,91.4566267952295,reptilia
TX_Austin_D_D_8758,82.2962066762797,reptilia
TX_Beaumont_A_A_8765,86.0332072840441,reptilia
TX_Beaumont_A_A_8765,86.0332072840441,reptilia
TX_Dallas_A2_A_8787,83.5582138175561,reptilia
TX_Fort Worth_A_A_8855,80.8467561189228,reptilia
TX_Fort Worth_A_A_8860,80.2044323310124,reptilia
TX_Galveston_B_B_8909,81.6355904050211,reptilia
TX_Galveston_B_B_8909,81.6355904050211,reptilia
TX_Houston_NA_D_8950,93.1470116894902,reptilia
TX_Houston_NA_D_8950,93.1470116894902,reptilia
TX_San Antonio_NA_A_8975,80.9892405596248,reptilia
